[
    {"model": "manage_books.genre", "pk": 1, "fields": {"name": "Fiction"}},
    {"model": "manage_books.genre", "pk": 2, "fields": {"name": "Non-Fiction"}},
    {"model": "manage_books.genre", "pk": 3, "fields": {"name": "Science Fiction"}},
    {"model": "manage_books.genre", "pk": 4, "fields": {"name": "Fantasy"}},
    {"model": "manage_books.genre", "pk": 5, "fields": {"name": "Mystery"}},
    {"model": "manage_books.genre", "pk": 6, "fields": {"name": "Biography"}},
    {"model": "manage_books.genre", "pk": 7, "fields": {"name": "History"}},
    {"model": "manage_books.genre", "pk": 8, "fields": {"name": "Philosophy"}},

    {"model": "manage_books.topic", "pk": 1, "fields": {"name": "Artificial Intelligence", "description": "Books about AI and machine learning"}},
    {"model": "manage_books.topic", "pk": 2, "fields": {"name": "Space Exploration", "description": "Books about space travel and astronomy"}},
    {"model": "manage_books.topic", "pk": 3, "fields": {"name": "World War II", "description": "Books covering WWII events and history"}},
    {"model": "manage_books.topic", "pk": 4, "fields": {"name": "Psychology", "description": "Books about the human mind and behavior"}},
    {"model": "manage_books.topic", "pk": 5, "fields": {"name": "Economics", "description": "Books about economic theory and markets"}},

    {"model": "manage_books.series", "pk": 1, "fields": {"name": "The Lord of the Rings", "description": "Epic high-fantasy trilogy by J.R.R. Tolkien"}},
    {"model": "manage_books.series", "pk": 2, "fields": {"name": "Foundation", "description": "Science fiction series by Isaac Asimov"}},
    {"model": "manage_books.series", "pk": 3, "fields": {"name": "Dune", "description": "Science fiction series by Frank Herbert"}},

    {"model": "manage_books.publisher", "pk": 1, "fields": {"name": "Penguin Random House", "country": "US", "founded_year": 1927, "website": "https://www.penguinrandomhouse.com", "email": "info@penguinrandomhouse.com"}},
    {"model": "manage_books.publisher", "pk": 2, "fields": {"name": "HarperCollins", "country": "US", "founded_year": 1989, "website": "https://www.harpercollins.com", "email": "info@harpercollins.com"}},
    {"model": "manage_books.publisher", "pk": 3, "fields": {"name": "Wydawnictwo Literackie", "country": "PL", "founded_year": 1953, "website": "https://www.wydawnictwoliterackie.pl", "email": null}},
    {"model": "manage_books.publisher", "pk": 4, "fields": {"name": "Gallimard", "country": "FR", "founded_year": 1911, "website": "https://www.gallimard.fr", "email": null}},
    {"model": "manage_books.publisher", "pk": 5, "fields": {"name": "Allen & Unwin", "country": "AU", "founded_year": 1914, "website": "https://www.allenandunwin.com", "email": null}},

    {"model": "manage_books.author", "pk": 1, "fields": {"name": "J.R.R.", "last_name": "Tolkien", "nationality": "British", "title": null, "alias": null}},
    {"model": "manage_books.author", "pk": 2, "fields": {"name": "Isaac", "last_name": "Asimov", "nationality": "American", "title": "prof", "alias": null}},
    {"model": "manage_books.author", "pk": 3, "fields": {"name": "Frank", "last_name": "Herbert", "nationality": "American", "title": null, "alias": null}},
    {"model": "manage_books.author", "pk": 4, "fields": {"name": "Olga", "last_name": "Tokarczuk", "nationality": "Polish", "title": null, "alias": null}},
    {"model": "manage_books.author", "pk": 5, "fields": {"name": "Albert", "last_name": "Camus", "nationality": "French", "title": null, "alias": null}},
    {"model": "manage_books.author", "pk": 6, "fields": {"name": "Yuval Noah", "last_name": "Harari", "nationality": "Israeli", "title": "prof", "alias": null}},
    {"model": "manage_books.author", "pk": 7, "fields": {"name": "Agatha", "last_name": "Christie", "nationality": "British", "title": null, "alias": "Queen of Crime"}},
    {"model": "manage_books.author", "pk": 8, "fields": {"name": "George", "last_name": "Orwell", "nationality": "British", "title": null, "alias": "Eric Arthur Blair"}},

    {"model": "manage_books.book", "pk": 1, "fields": {"title": "The Fellowship of the Ring", "author": "J.R.R. Tolkien", "isbn": "978-0-618-57494-8", "published_date": "1954-07-29", "pages": 423, "cover": "hardcover", "language": "english", "is_read": true, "is_favorite": true, "publisher": 5, "series": 1, "authors": [1], "genres": [1, 4], "topic": []}},
    {"model": "manage_books.book", "pk": 2, "fields": {"title": "The Two Towers", "author": "J.R.R. Tolkien", "isbn": "978-0-618-57495-5", "published_date": "1954-11-11", "pages": 352, "cover": "hardcover", "language": "english", "is_read": true, "is_favorite": false, "publisher": 5, "series": 1, "authors": [1], "genres": [1, 4], "topic": []}},
    {"model": "manage_books.book", "pk": 3, "fields": {"title": "The Return of the King", "author": "J.R.R. Tolkien", "isbn": "978-0-618-57496-2", "published_date": "1955-10-20", "pages": 416, "cover": "paperback", "language": "english", "is_read": false, "is_favorite": false, "publisher": 5, "series": 1, "authors": [1], "genres": [1, 4], "topic": []}},
    {"model": "manage_books.book", "pk": 4, "fields": {"title": "Foundation", "author": "Isaac Asimov", "isbn": "978-0-553-29335-7", "published_date": "1951-06-01", "pages": 244, "cover": "paperback", "language": "english", "is_read": true, "is_favorite": true, "publisher": 1, "series": 2, "authors": [2], "genres": [1, 3], "topic": [2]}},
    {"model": "manage_books.book", "pk": 5, "fields": {"title": "Foundation and Empire", "author": "Isaac Asimov", "isbn": "978-0-553-29337-1", "published_date": "1952-10-12", "pages": 247, "cover": "paperback", "language": "english", "is_read": false, "is_favorite": false, "publisher": 1, "series": 2, "authors": [2], "genres": [1, 3], "topic": [2]}},
    {"model": "manage_books.book", "pk": 6, "fields": {"title": "Dune", "author": "Frank Herbert", "isbn": "978-0-441-17271-9", "published_date": "1965-08-01", "pages": 688, "cover": "hardcover", "language": "english", "is_read": true, "is_favorite": true, "publisher": 1, "series": 3, "authors": [3], "genres": [1, 3], "topic": [2]}},
    {"model": "manage_books.book", "pk": 7, "fields": {"title": "Flights", "author": "Olga Tokarczuk", "isbn": "978-83-08-06458-1", "published_date": "2007-09-12", "pages": 404, "cover": "paperback", "language": "polish", "is_read": true, "is_favorite": false, "publisher": 3, "series": null, "authors": [4], "genres": [1], "topic": [4]}},
    {"model": "manage_books.book", "pk": 8, "fields": {"title": "The Stranger", "author": "Albert Camus", "isbn": "978-0-679-72020-1", "published_date": "1942-06-01", "pages": 123, "cover": "paperback", "language": "french", "is_read": true, "is_favorite": true, "publisher": 4, "series": null, "authors": [5], "genres": [1, 8], "topic": [4]}},
    {"model": "manage_books.book", "pk": 9, "fields": {"title": "Sapiens: A Brief History of Humankind", "author": "Yuval Noah Harari", "isbn": "978-0-06-231609-7", "published_date": "2011-01-01", "pages": 443, "cover": "hardcover", "language": "english", "is_read": true, "is_favorite": false, "publisher": 2, "series": null, "authors": [6], "genres": [2, 7], "topic": [3, 5]}},
    {"model": "manage_books.book", "pk": 10, "fields": {"title": "Murder on the Orient Express", "author": "Agatha Christie", "isbn": "978-0-06-269366-2", "published_date": "1934-01-01", "pages": 256, "cover": "paperback", "language": "english", "is_read": false, "is_favorite": false, "publisher": 2, "series": null, "authors": [7], "genres": [1, 5], "topic": []}},
    {"model": "manage_books.book", "pk": 11, "fields": {"title": "1984", "author": "George Orwell", "isbn": "978-0-451-52493-5", "published_date": "1949-06-08", "pages": 328, "cover": "paperback", "language": "english", "is_read": true, "is_favorite": true, "publisher": 1, "series": null, "authors": [8], "genres": [1, 3], "topic": [4]}},
    {"model": "manage_books.book", "pk": 12, "fields": {"title": "Animal Farm", "author": "George Orwell", "isbn": "978-0-451-52634-2", "published_date": "1945-08-17", "pages": 112, "cover": "ebook", "language": "english", "is_read": true, "is_favorite": false, "publisher": 1, "series": null, "authors": [8], "genres": [1], "topic": [5]}},

    {"model": "manage_books.note", "pk": 1, "fields": {"content": "One of the greatest fantasy novels ever written. The world-building is incredible.", "created_at": "2025-12-01T10:30:00Z", "book": 1}},
    {"model": "manage_books.note", "pk": 2, "fields": {"content": "The concept of psychohistory is fascinating. Great exploration of societal collapse.", "created_at": "2025-12-15T14:00:00Z", "book": 4}},
    {"model": "manage_books.note", "pk": 3, "fields": {"content": "A masterpiece of existentialist literature. Short but deeply impactful.", "created_at": "2026-01-05T09:15:00Z", "book": 8}},
    {"model": "manage_books.note", "pk": 4, "fields": {"content": "Chilling and prophetic. More relevant today than ever.", "created_at": "2026-02-20T16:45:00Z", "book": 11}},
    {"model": "manage_books.note", "pk": 5, "fields": {"content": "The spice must flow! Amazing world-building and political intrigue.", "created_at": "2026-03-10T11:00:00Z", "book": 6}}
]

